{
  "cli": {
    "version": ">= 3.13.3"
  },
  "build": {
    "development": {
      "distribution": "internal",
      "developmentClient":true,
      "android": {
        "gradleCommand": ":app:assembleDebug"
      },
      "ios": {
        "buildConfiguration": "Debug"
      }
    },
    "preview": {
      "distribution": "internal",
      "developmentClient": true,
      "android":{
        "buildType": "apk"
      }
    },
    "production": {},
    "simulator": {
      "ios":{
        "simulator": true
      }
    }
  },
  "submit": {
    "production": {}
  }
}
